<?xml version="1.0" encoding="UTF-8"?>
<!DOCTYPE module PUBLIC "-//Puppy Crawl//DTD Check Configuration 1.3//EN" "http://www.puppycrawl.com/dtds/configuration_1_3.dtd">
<!-- fax4j checkstyle configuration -->
<module name="Checker">
  <property name="severity" value="warning"/>
  <module name="TreeWalker">
    <module name="ParameterNumber"/>
    <module name="EmptyForIteratorPad">
      <property name="option" value="space"/>
    </module>
    <module name="MethodParamPad"/>
    <module name="NoWhitespaceAfter"/>
    <module name="NoWhitespaceBefore"/>
    <module name="OperatorWrap"/>
    <module name="ParenPad"/>
    <module name="TypecastParenPad"/>
    <module name="ModifierOrder"/>
    <module name="AvoidNestedBlocks"/>
    <module name="NeedBraces"/>
    <module name="EmptyStatement"/>
    <module name="EqualsHashCode"/>
    <module name="IllegalInstantiation"/>
    <module name="InnerAssignment"/>
    <module name="RedundantThrows"/>
    <module name="SimplifyBooleanExpression"/>
    <module name="SimplifyBooleanReturn"/>
    <module name="InterfaceIsType"/>
    <module name="VisibilityModifier">
      <property name="protectedAllowed" value="true"/>
    </module>
    <module name="TodoComment"/>
    <module name="UpperEll"/>
    <module name="AnnotationUseStyle"/>
    <module name="MissingDeprecated"/>
    <module name="MissingOverride"/>
    <module name="PackageAnnotation"/>
    <module name="SuppressWarnings"/>
    <module name="ArrayTypeStyle"/>
    <module name="ClassTypeParameterName"/>
    <module name="ConstantName"/>
    <module name="LocalFinalVariableName"/>
    <module name="LocalVariableName"/>
    <module name="MethodName"/>
    <module name="MethodTypeParameterName"/>
    <module name="PackageName"/>
    <module name="ParameterName"/>
    <module name="StaticVariableName"/>
    <module name="TypeName"/>
    <module name="JavadocMethod">
      <property name="suppressLoadErrors" value="true"/>
    </module>
    <module name="JavadocStyle">
      <property name="checkEmptyJavadoc" value="true"/>
      <property name="checkFirstSentence" value="false"/>
    </module>
    <module name="JavadocType"/>
    <module name="JavadocVariable"/>
    <module name="WriteTag"/>
    <module name="AvoidStarImport"/>
    <module name="AvoidStaticImport"/>
    <module name="IllegalImport"/>
    <module name="ImportOrder"/>
    <module name="RedundantImport"/>
    <module name="UnusedImports"/>
    <module name="AnonInnerLength"/>
    <module name="OuterTypeNumber"/>
    <module name="EmptyBlock">
      <property name="option" value="text"/>
    </module>
    <module name="LeftCurly">
      <property name="option" value="nl"/>
    </module>
    <module name="RightCurly">
      <property name="option" value="alone"/>
    </module>
    <module name="CovariantEquals"/>
    <module name="DefaultComesLast"/>
    <module name="HiddenField">
      <property name="ignoreFormat" value="id|ssl"/>
      <property name="ignoreConstructorParameter" value="true"/>
      <property name="ignoreSetter" value="true"/>
      <property name="ignoreAbstractMethods" value="true"/>
    </module>
    <module name="MissingCtor"/>
    <module name="ModifiedControlVariable"/>
    <module name="MultipleVariableDeclarations"/>
    <module name="NoClone"/>
    <module name="PackageDeclaration"/>
    <module name="ParameterAssignment"/>
    <module name="RequireThis"/>
    <module name="SuperClone"/>
    <module name="SuperFinalize"/>
    <module name="OneStatementPerLine"/>
    <module name="HideUtilityClassConstructor"/>
    <module name="MutableException"/>
    <module name="ThrowsCount">
      <property name="max" value="3"/>
    </module>
    <module name="OuterTypeFilename"/>
  </module>
  <module name="Translation"/>
</module>
