<assembly>
	<id>full</id>
	<formats>
		<format>zip</format>
	</formats>
	<includeBaseDirectory>true</includeBaseDirectory>
	<includeSiteDirectory>true</includeSiteDirectory>
	<fileSets>
		<fileSet>
			<directory>${project.basedir}</directory>
			<includes>
				<include>pom.xml</include>
				<include>LICENSE.txt</include>
				<include>Docs.html</include>
				<include>*build*</include>
			</includes>
		</fileSet>
		<fileSet>
			<directory>${project.basedir}/src</directory>
			<outputDirectory>/src</outputDirectory>
		</fileSet>
		<fileSet>
			<directory>${project.build.directory}</directory>
			<outputDirectory>/lib</outputDirectory>
			<includes>
				<include>${project.name}-${project.version}.jar</include>
			</includes>
		</fileSet>
	</fileSets>
	<dependencySets>
		<dependencySet>
			<outputDirectory>/lib</outputDirectory>
			<useProjectArtifact>false</useProjectArtifact>
			<unpack>false</unpack>
			<scope>runtime</scope>
		</dependencySet>
	</dependencySets>
</assembly>