<?xml version="1.0" encoding="ISO-8859-1"?>
<project xmlns="http://maven.apache.org/DECORATION/1.1.0"
		 xmlns:xsi="http://www.w3.org/2001/XMLSchema-instance"
		 xsi:schemaLocation="http://maven.apache.org/DECORATION/1.1.0 http://maven.apache.org/xsd/decoration-1.1.0.xsd">
	<body>
		<menu name="fax4j">
			<item name="Overview" href="/index.html"/>
			<item name="Download" href="https://github.com/sagiegurari/fax4j/releases/latest"/>
			<item name="JavaDoc/User Guide" href="/apidocs/overview-summary.html#overview_description"/>
			<item name="Change Log" href="/changes-report.html"/>
		</menu>
		<menu ref="modules"/>
		<menu ref="reports"/>
	</body>
</project>